"rules","support","confidence","lift"
"{COLESTEROL HDL (HDL-C) |(antes)| COLESTEROL HDL,HEMOGLOBINA GLICOSILADA (Hb A1C) |(antes)| HEMOGLOBINA GLICOSILADA,COLESTEROL TOTAL,CREATININA - serica o urinaria ,LDL COLESTEROL (LDL-C) } => {GLUCEMIA (C/U) |(antes)| GLUCEMIA}",0.10417602155366,0.90625,1.33568414956982
"{GLUCEMIA (C/U) |(antes)| GLUCEMIA,HEMOGLOBINA GLICOSILADA (Hb A1C) |(antes)| HEMOGLOBINA GLICOSILADA,COLESTEROL TOTAL,CREATININA - serica o urinaria ,LDL COLESTEROL (LDL-C) } => {COLESTEROL HDL (HDL-C) |(antes)| COLESTEROL HDL}",0.10417602155366,0.995708154506438,1.80426530519596
"{GLUCEMIA (C/U) |(antes)| GLUCEMIA,COLESTEROL HDL (HDL-C) |(antes)| COLESTEROL HDL,HEMOGLOBINA GLICOSILADA (Hb A1C) |(antes)| HEMOGLOBINA GLICOSILADA,CREATININA - serica o urinaria ,LDL COLESTEROL (LDL-C) } => {COLESTEROL TOTAL}",0.10417602155366,0.935483870967742,1.64950323091462
"{GLUCEMIA (C/U) |(antes)| GLUCEMIA,COLESTEROL HDL (HDL-C) |(antes)| COLESTEROL HDL,HEMOGLOBINA GLICOSILADA (Hb A1C) |(antes)| HEMOGLOBINA GLICOSILADA,COLESTEROL TOTAL,LDL COLESTEROL (LDL-C) } => {CREATININA - serica o urinaria }",0.10417602155366,0.88212927756654,1.41128010139417
"{GLUCEMIA (C/U) |(antes)| GLUCEMIA,COLESTEROL HDL (HDL-C) |(antes)| COLESTEROL HDL,HEMOGLOBINA GLICOSILADA (Hb A1C) |(antes)| HEMOGLOBINA GLICOSILADA,COLESTEROL TOTAL,CREATININA - serica o urinaria } => {LDL COLESTEROL (LDL-C) }",0.10417602155366,0.962655601659751,1.83233677341561
"{COLESTEROL HDL (HDL-C) |(antes)| COLESTEROL HDL,HEMOGLOBINA GLICOSILADA (Hb A1C) |(antes)| HEMOGLOBINA GLICOSILADA,COLESTEROL TOTAL,LDL COLESTEROL (LDL-C) } => {GLUCEMIA (C/U) |(antes)| GLUCEMIA}",0.118096093399192,0.903780068728522,1.33204382068724
"{GLUCEMIA (C/U) |(antes)| GLUCEMIA,HEMOGLOBINA GLICOSILADA (Hb A1C) |(antes)| HEMOGLOBINA GLICOSILADA,COLESTEROL TOTAL,LDL COLESTEROL (LDL-C) } => {COLESTEROL HDL (HDL-C) |(antes)| COLESTEROL HDL}",0.118096093399192,0.992452830188679,1.79836651979674
"{GLUCEMIA (C/U) |(antes)| GLUCEMIA,COLESTEROL HDL (HDL-C) |(antes)| COLESTEROL HDL,HEMOGLOBINA GLICOSILADA (Hb A1C) |(antes)| HEMOGLOBINA GLICOSILADA,LDL COLESTEROL (LDL-C) } => {COLESTEROL TOTAL}",0.118096093399192,0.932624113475177,1.64446072898592
"{GLUCEMIA (C/U) |(antes)| GLUCEMIA,COLESTEROL HDL (HDL-C) |(antes)| COLESTEROL HDL,HEMOGLOBINA GLICOSILADA (Hb A1C) |(antes)| HEMOGLOBINA GLICOSILADA,COLESTEROL TOTAL} => {LDL COLESTEROL (LDL-C) }",0.118096093399192,0.963369963369963,1.83369650292727
"{HEMOGLOBINA GLICOSILADA (Hb A1C) |(antes)| HEMOGLOBINA GLICOSILADA,COLESTEROL TOTAL,CREATININA - serica o urinaria ,LDL COLESTEROL (LDL-C) } => {COLESTEROL HDL (HDL-C) |(antes)| COLESTEROL HDL}",0.114952851369555,0.996108949416342,1.80499156253067
"{COLESTEROL HDL (HDL-C) |(antes)| COLESTEROL HDL,HEMOGLOBINA GLICOSILADA (Hb A1C) |(antes)| HEMOGLOBINA GLICOSILADA,CREATININA - serica o urinaria ,LDL COLESTEROL (LDL-C) } => {COLESTEROL TOTAL}",0.114952851369555,0.927536231884058,1.63548946033713
"{COLESTEROL HDL (HDL-C) |(antes)| COLESTEROL HDL,HEMOGLOBINA GLICOSILADA (Hb A1C) |(antes)| HEMOGLOBINA GLICOSILADA,COLESTEROL TOTAL,LDL COLESTEROL (LDL-C) } => {CREATININA - serica o urinaria }",0.114952851369555,0.879725085910653,1.40743374017459
"{COLESTEROL HDL (HDL-C) |(antes)| COLESTEROL HDL,HEMOGLOBINA GLICOSILADA (Hb A1C) |(antes)| HEMOGLOBINA GLICOSILADA,COLESTEROL TOTAL,CREATININA - serica o urinaria } => {LDL COLESTEROL (LDL-C) }",0.114952851369555,0.962406015037594,1.83186170554592
"{COLESTEROL HDL (HDL-C) |(antes)| COLESTEROL HDL,HEMOGLOBINA GLICOSILADA (Hb A1C) |(antes)| HEMOGLOBINA GLICOSILADA,CREATININA - serica o urinaria ,LDL COLESTEROL (LDL-C) } => {GLUCEMIA (C/U) |(antes)| GLUCEMIA}",0.111360574764257,0.898550724637681,1.3243365081192
"{GLUCEMIA (C/U) |(antes)| GLUCEMIA,HEMOGLOBINA GLICOSILADA (Hb A1C) |(antes)| HEMOGLOBINA GLICOSILADA,CREATININA - serica o urinaria ,LDL COLESTEROL (LDL-C) } => {COLESTEROL HDL (HDL-C) |(antes)| COLESTEROL HDL}",0.111360574764257,0.995983935742972,1.80476503246509
"{GLUCEMIA (C/U) |(antes)| GLUCEMIA,COLESTEROL HDL (HDL-C) |(antes)| COLESTEROL HDL,HEMOGLOBINA GLICOSILADA (Hb A1C) |(antes)| HEMOGLOBINA GLICOSILADA,LDL COLESTEROL (LDL-C) } => {CREATININA - serica o urinaria }",0.111360574764257,0.879432624113475,1.40696584331948
"{GLUCEMIA (C/U) |(antes)| GLUCEMIA,COLESTEROL HDL (HDL-C) |(antes)| COLESTEROL HDL,HEMOGLOBINA GLICOSILADA (Hb A1C) |(antes)| HEMOGLOBINA GLICOSILADA,CREATININA - serica o urinaria } => {LDL COLESTEROL (LDL-C) }",0.111360574764257,0.964980544747082,1.83676211380492
"{COLESTEROL HDL (HDL-C) |(antes)| COLESTEROL HDL,HEMOGLOBINA GLICOSILADA (Hb A1C) |(antes)| HEMOGLOBINA GLICOSILADA,LDL COLESTEROL (LDL-C) } => {GLUCEMIA (C/U) |(antes)| GLUCEMIA}",0.126627750336776,0.895238095238095,1.31945416154549
"{GLUCEMIA (C/U) |(antes)| GLUCEMIA,HEMOGLOBINA GLICOSILADA (Hb A1C) |(antes)| HEMOGLOBINA GLICOSILADA,LDL COLESTEROL (LDL-C) } => {COLESTEROL HDL (HDL-C) |(antes)| COLESTEROL HDL}",0.126627750336776,0.992957746478873,1.79928144947799
"{GLUCEMIA (C/U) |(antes)| GLUCEMIA,COLESTEROL HDL (HDL-C) |(antes)| COLESTEROL HDL,HEMOGLOBINA GLICOSILADA (Hb A1C) |(antes)| HEMOGLOBINA GLICOSILADA} => {LDL COLESTEROL (LDL-C) }",0.126627750336776,0.965753424657534,1.83823322795926
"{HEMOGLOBINA GLICOSILADA (Hb A1C) |(antes)| HEMOGLOBINA GLICOSILADA,CREATININA - serica o urinaria ,LDL COLESTEROL (LDL-C) } => {COLESTEROL HDL (HDL-C) |(antes)| COLESTEROL HDL}",0.123933542882802,0.996389891696751,1.80550064182967
"{COLESTEROL HDL (HDL-C) |(antes)| COLESTEROL HDL,HEMOGLOBINA GLICOSILADA (Hb A1C) |(antes)| HEMOGLOBINA GLICOSILADA,LDL COLESTEROL (LDL-C) } => {CREATININA - serica o urinaria }",0.123933542882802,0.876190476190476,1.40177887246853
"{COLESTEROL HDL (HDL-C) |(antes)| COLESTEROL HDL,HEMOGLOBINA GLICOSILADA (Hb A1C) |(antes)| HEMOGLOBINA GLICOSILADA,CREATININA - serica o urinaria } => {LDL COLESTEROL (LDL-C) }",0.123933542882802,0.965034965034965,1.83686569840416
"{HEMOGLOBINA GLICOSILADA (Hb A1C) |(antes)| HEMOGLOBINA GLICOSILADA,COLESTEROL TOTAL,LDL COLESTEROL (LDL-C) } => {COLESTEROL HDL (HDL-C) |(antes)| COLESTEROL HDL}",0.130669061517737,0.993174061433447,1.79967342132814
"{COLESTEROL HDL (HDL-C) |(antes)| COLESTEROL HDL,HEMOGLOBINA GLICOSILADA (Hb A1C) |(antes)| HEMOGLOBINA GLICOSILADA,LDL COLESTEROL (LDL-C) } => {COLESTEROL TOTAL}",0.130669061517737,0.923809523809524,1.62891829732685
"{COLESTEROL HDL (HDL-C) |(antes)| COLESTEROL HDL,HEMOGLOBINA GLICOSILADA (Hb A1C) |(antes)| HEMOGLOBINA GLICOSILADA,COLESTEROL TOTAL} => {LDL COLESTEROL (LDL-C) }",0.130669061517737,0.963576158940397,1.83408897945322
"{HEMOGLOBINA GLICOSILADA (Hb A1C) |(antes)| HEMOGLOBINA GLICOSILADA,COLESTEROL TOTAL,CREATININA - serica o urinaria ,LDL COLESTEROL (LDL-C) } => {GLUCEMIA (C/U) |(antes)| GLUCEMIA}",0.104625056129322,0.906614785992218,1.33622179245842
"{GLUCEMIA (C/U) |(antes)| GLUCEMIA,HEMOGLOBINA GLICOSILADA (Hb A1C) |(antes)| HEMOGLOBINA GLICOSILADA,CREATININA - serica o urinaria ,LDL COLESTEROL (LDL-C) } => {COLESTEROL TOTAL}",0.104625056129322,0.93574297188755,1.64996009373996
"{GLUCEMIA (C/U) |(antes)| GLUCEMIA,HEMOGLOBINA GLICOSILADA (Hb A1C) |(antes)| HEMOGLOBINA GLICOSILADA,COLESTEROL TOTAL,LDL COLESTEROL (LDL-C) } => {CREATININA - serica o urinaria }",0.104625056129322,0.879245283018868,1.40666612448493
"{GLUCEMIA (C/U) |(antes)| GLUCEMIA,HEMOGLOBINA GLICOSILADA (Hb A1C) |(antes)| HEMOGLOBINA GLICOSILADA,COLESTEROL TOTAL,CREATININA - serica o urinaria } => {LDL COLESTEROL (LDL-C) }",0.104625056129322,0.917322834645669,1.74604953227
"{HEMOGLOBINA GLICOSILADA (Hb A1C) |(antes)| HEMOGLOBINA GLICOSILADA,COLESTEROL TOTAL,LDL COLESTEROL (LDL-C) } => {GLUCEMIA (C/U) |(antes)| GLUCEMIA}",0.118994162550516,0.904436860068259,1.33301183810193
"{GLUCEMIA (C/U) |(antes)| GLUCEMIA,HEMOGLOBINA GLICOSILADA (Hb A1C) |(antes)| HEMOGLOBINA GLICOSILADA,LDL COLESTEROL (LDL-C) } => {COLESTEROL TOTAL}",0.118994162550516,0.933098591549296,1.64529735817916
"{GLUCEMIA (C/U) |(antes)| GLUCEMIA,HEMOGLOBINA GLICOSILADA (Hb A1C) |(antes)| HEMOGLOBINA GLICOSILADA,COLESTEROL TOTAL} => {LDL COLESTEROL (LDL-C) }",0.118994162550516,0.923344947735192,1.75751213556092
"{HEMOGLOBINA GLICOSILADA (Hb A1C) |(antes)| HEMOGLOBINA GLICOSILADA,CREATININA - serica o urinaria ,LDL COLESTEROL (LDL-C) } => {COLESTEROL TOTAL}",0.115401885945218,0.927797833935018,1.63595073331218
"{HEMOGLOBINA GLICOSILADA (Hb A1C) |(antes)| HEMOGLOBINA GLICOSILADA,COLESTEROL TOTAL,LDL COLESTEROL (LDL-C) } => {CREATININA - serica o urinaria }",0.115401885945218,0.877133105802048,1.40328694441175
"{HEMOGLOBINA GLICOSILADA (Hb A1C) |(antes)| HEMOGLOBINA GLICOSILADA,COLESTEROL TOTAL,CREATININA - serica o urinaria } => {LDL COLESTEROL (LDL-C) }",0.115401885945218,0.921146953405018,1.75332843182306
"{HEMOGLOBINA GLICOSILADA (Hb A1C) |(antes)| HEMOGLOBINA GLICOSILADA,CREATININA - serica o urinaria ,LDL COLESTEROL (LDL-C) } => {GLUCEMIA (C/U) |(antes)| GLUCEMIA}",0.111809609339919,0.898916967509025,1.3248762982413
"{GLUCEMIA (C/U) |(antes)| GLUCEMIA,HEMOGLOBINA GLICOSILADA (Hb A1C) |(antes)| HEMOGLOBINA GLICOSILADA,LDL COLESTEROL (LDL-C) } => {CREATININA - serica o urinaria }",0.111809609339919,0.876760563380282,1.40269093006314
"{GLUCEMIA (C/U) |(antes)| GLUCEMIA,HEMOGLOBINA GLICOSILADA (Hb A1C) |(antes)| HEMOGLOBINA GLICOSILADA,CREATININA - serica o urinaria } => {LDL COLESTEROL (LDL-C) }",0.111809609339919,0.858620689655172,1.63431476569408
"{HEMOGLOBINA GLICOSILADA (Hb A1C) |(antes)| HEMOGLOBINA GLICOSILADA,LDL COLESTEROL (LDL-C) } => {GLUCEMIA (C/U) |(antes)| GLUCEMIA}",0.127525819488101,0.89589905362776,1.3204283206016
"{GLUCEMIA (C/U) |(antes)| GLUCEMIA,HEMOGLOBINA GLICOSILADA (Hb A1C) |(antes)| HEMOGLOBINA GLICOSILADA} => {LDL COLESTEROL (LDL-C) }",0.127525819488101,0.832844574780059,1.5852520239617
"{HEMOGLOBINA GLICOSILADA (Hb A1C) |(antes)| HEMOGLOBINA GLICOSILADA,LDL COLESTEROL (LDL-C) } => {CREATININA - serica o urinaria }",0.124382577458464,0.873817034700315,1.39798170709598
"{HEMOGLOBINA GLICOSILADA (Hb A1C) |(antes)| HEMOGLOBINA GLICOSILADA,CREATININA - serica o urinaria } => {LDL COLESTEROL (LDL-C) }",0.124382577458464,0.862928348909657,1.64251404531778
"{HEMOGLOBINA GLICOSILADA (Hb A1C) |(antes)| HEMOGLOBINA GLICOSILADA,LDL COLESTEROL (LDL-C) } => {COLESTEROL TOTAL}",0.131567130669062,0.924290220820189,1.62976589213504
"{HEMOGLOBINA GLICOSILADA (Hb A1C) |(antes)| HEMOGLOBINA GLICOSILADA,COLESTEROL TOTAL} => {LDL COLESTEROL (LDL-C) }",0.131567130669062,0.927215189873418,1.7648788272206
"{HEMOGLOBINA GLICOSILADA (Hb A1C) |(antes)| HEMOGLOBINA GLICOSILADA,LDL COLESTEROL (LDL-C) } => {COLESTEROL HDL (HDL-C) |(antes)| COLESTEROL HDL}",0.141445891333633,0.993690851735016,1.80060986722041
"{COLESTEROL HDL (HDL-C) |(antes)| COLESTEROL HDL,HEMOGLOBINA GLICOSILADA (Hb A1C) |(antes)| HEMOGLOBINA GLICOSILADA} => {LDL COLESTEROL (LDL-C) }",0.141445891333633,0.966257668711657,1.83919301557338
"{COLESTEROL HDL (HDL-C) |(antes)| COLESTEROL HDL,HEMOGLOBINA GLICOSILADA (Hb A1C) |(antes)| HEMOGLOBINA GLICOSILADA,COLESTEROL TOTAL,CREATININA - serica o urinaria } => {GLUCEMIA (C/U) |(antes)| GLUCEMIA}",0.108217332734621,0.906015037593985,1.33533784826062
"{GLUCEMIA (C/U) |(antes)| GLUCEMIA,HEMOGLOBINA GLICOSILADA (Hb A1C) |(antes)| HEMOGLOBINA GLICOSILADA,COLESTEROL TOTAL,CREATININA - serica o urinaria } => {COLESTEROL HDL (HDL-C) |(antes)| COLESTEROL HDL}",0.108217332734621,0.948818897637795,1.71929998782699
"{GLUCEMIA (C/U) |(antes)| GLUCEMIA,COLESTEROL HDL (HDL-C) |(antes)| COLESTEROL HDL,HEMOGLOBINA GLICOSILADA (Hb A1C) |(antes)| HEMOGLOBINA GLICOSILADA,CREATININA - serica o urinaria } => {COLESTEROL TOTAL}",0.108217332734621,0.937743190661479,1.65348700364459
"{GLUCEMIA (C/U) |(antes)| GLUCEMIA,COLESTEROL HDL (HDL-C) |(antes)| COLESTEROL HDL,HEMOGLOBINA GLICOSILADA (Hb A1C) |(antes)| HEMOGLOBINA GLICOSILADA,COLESTEROL TOTAL} => {CREATININA - serica o urinaria }",0.108217332734621,0.882783882783883,1.41232737568944
"{COLESTEROL HDL (HDL-C) |(antes)| COLESTEROL HDL,HEMOGLOBINA GLICOSILADA (Hb A1C) |(antes)| HEMOGLOBINA GLICOSILADA,COLESTEROL TOTAL} => {GLUCEMIA (C/U) |(antes)| GLUCEMIA}",0.122586439155815,0.903973509933775,1.33232892562708
"{GLUCEMIA (C/U) |(antes)| GLUCEMIA,HEMOGLOBINA GLICOSILADA (Hb A1C) |(antes)| HEMOGLOBINA GLICOSILADA,COLESTEROL TOTAL} => {COLESTEROL HDL (HDL-C) |(antes)| COLESTEROL HDL}",0.122586439155815,0.951219512195122,1.72365000297684
"{GLUCEMIA (C/U) |(antes)| GLUCEMIA,COLESTEROL HDL (HDL-C) |(antes)| COLESTEROL HDL,HEMOGLOBINA GLICOSILADA (Hb A1C) |(antes)| HEMOGLOBINA GLICOSILADA} => {COLESTEROL TOTAL}",0.122586439155815,0.934931506849315,1.64852926821332
"{HEMOGLOBINA GLICOSILADA (Hb A1C) |(antes)| HEMOGLOBINA GLICOSILADA,COLESTEROL TOTAL,CREATININA - serica o urinaria } => {COLESTEROL HDL (HDL-C) |(antes)| COLESTEROL HDL}",0.119443197126179,0.953405017921147,1.72761023182294
"{COLESTEROL HDL (HDL-C) |(antes)| COLESTEROL HDL,HEMOGLOBINA GLICOSILADA (Hb A1C) |(antes)| HEMOGLOBINA GLICOSILADA,CREATININA - serica o urinaria } => {COLESTEROL TOTAL}",0.119443197126179,0.93006993006993,1.63995703425632
"{COLESTEROL HDL (HDL-C) |(antes)| COLESTEROL HDL,HEMOGLOBINA GLICOSILADA (Hb A1C) |(antes)| HEMOGLOBINA GLICOSILADA,COLESTEROL TOTAL} => {CREATININA - serica o urinaria }",0.119443197126179,0.880794701986755,1.40914497221588
"{COLESTEROL HDL (HDL-C) |(antes)| COLESTEROL HDL,HEMOGLOBINA GLICOSILADA (Hb A1C) |(antes)| HEMOGLOBINA GLICOSILADA,CREATININA - serica o urinaria } => {GLUCEMIA (C/U) |(antes)| GLUCEMIA}",0.115401885945218,0.898601398601399,1.32441119436487
"{GLUCEMIA (C/U) |(antes)| GLUCEMIA,HEMOGLOBINA GLICOSILADA (Hb A1C) |(antes)| HEMOGLOBINA GLICOSILADA,CREATININA - serica o urinaria } => {COLESTEROL HDL (HDL-C) |(antes)| COLESTEROL HDL}",0.115401885945218,0.886206896551724,1.60584439269381
"{GLUCEMIA (C/U) |(antes)| GLUCEMIA,COLESTEROL HDL (HDL-C) |(antes)| COLESTEROL HDL,HEMOGLOBINA GLICOSILADA (Hb A1C) |(antes)| HEMOGLOBINA GLICOSILADA} => {CREATININA - serica o urinaria }",0.115401885945218,0.88013698630137,1.40809272161864
"{COLESTEROL HDL (HDL-C) |(antes)| COLESTEROL HDL,HEMOGLOBINA GLICOSILADA (Hb A1C) |(antes)| HEMOGLOBINA GLICOSILADA} => {GLUCEMIA (C/U) |(antes)| GLUCEMIA}",0.131118096093399,0.895705521472393,1.32014308161418
"{GLUCEMIA (C/U) |(antes)| GLUCEMIA,HEMOGLOBINA GLICOSILADA (Hb A1C) |(antes)| HEMOGLOBINA GLICOSILADA} => {COLESTEROL HDL (HDL-C) |(antes)| COLESTEROL HDL}",0.131118096093399,0.856304985337244,1.55166086439873
"{HEMOGLOBINA GLICOSILADA (Hb A1C) |(antes)| HEMOGLOBINA GLICOSILADA,CREATININA - serica o urinaria } => {COLESTEROL HDL (HDL-C) |(antes)| COLESTEROL HDL}",0.128423888639425,0.890965732087228,1.61446760403438
"{COLESTEROL HDL (HDL-C) |(antes)| COLESTEROL HDL,HEMOGLOBINA GLICOSILADA (Hb A1C) |(antes)| HEMOGLOBINA GLICOSILADA} => {CREATININA - serica o urinaria }",0.128423888639425,0.877300613496933,1.40355493265637
"{HEMOGLOBINA GLICOSILADA (Hb A1C) |(antes)| HEMOGLOBINA GLICOSILADA,COLESTEROL TOTAL} => {COLESTEROL HDL (HDL-C) |(antes)| COLESTEROL HDL}",0.135608441850022,0.955696202531646,1.73176195527907
"{COLESTEROL HDL (HDL-C) |(antes)| COLESTEROL HDL,HEMOGLOBINA GLICOSILADA (Hb A1C) |(antes)| HEMOGLOBINA GLICOSILADA} => {COLESTEROL TOTAL}",0.135608441850022,0.92638036809816,1.63345136956025
"{HEMOGLOBINA GLICOSILADA (Hb A1C) |(antes)| HEMOGLOBINA GLICOSILADA,COLESTEROL TOTAL,CREATININA - serica o urinaria } => {GLUCEMIA (C/U) |(antes)| GLUCEMIA}",0.114054782218231,0.910394265232975,1.34179220957898
"{GLUCEMIA (C/U) |(antes)| GLUCEMIA,HEMOGLOBINA GLICOSILADA (Hb A1C) |(antes)| HEMOGLOBINA GLICOSILADA,CREATININA - serica o urinaria } => {COLESTEROL TOTAL}",0.114054782218231,0.875862068965517,1.54437436863516
"{GLUCEMIA (C/U) |(antes)| GLUCEMIA,HEMOGLOBINA GLICOSILADA (Hb A1C) |(antes)| HEMOGLOBINA GLICOSILADA,COLESTEROL TOTAL} => {CREATININA - serica o urinaria }",0.114054782218231,0.885017421602788,1.41590071688894
"{HEMOGLOBINA GLICOSILADA (Hb A1C) |(antes)| HEMOGLOBINA GLICOSILADA,COLESTEROL TOTAL} => {GLUCEMIA (C/U) |(antes)| GLUCEMIA}",0.128872923215088,0.908227848101266,1.3385992175523
"{GLUCEMIA (C/U) |(antes)| GLUCEMIA,HEMOGLOBINA GLICOSILADA (Hb A1C) |(antes)| HEMOGLOBINA GLICOSILADA} => {COLESTEROL TOTAL}",0.128872923215088,0.841642228739003,1.48403582217083
"{HEMOGLOBINA GLICOSILADA (Hb A1C) |(antes)| HEMOGLOBINA GLICOSILADA,CREATININA - serica o urinaria } => {COLESTEROL TOTAL}",0.125280646609789,0.869158878504673,1.5325548871179
"{HEMOGLOBINA GLICOSILADA (Hb A1C) |(antes)| HEMOGLOBINA GLICOSILADA,COLESTEROL TOTAL} => {CREATININA - serica o urinaria }",0.125280646609789,0.882911392405063,1.41253137276299
"{HEMOGLOBINA GLICOSILADA (Hb A1C) |(antes)| HEMOGLOBINA GLICOSILADA,CREATININA - serica o urinaria } => {GLUCEMIA (C/U) |(antes)| GLUCEMIA}",0.130220026942075,0.903426791277259,1.33152313975808
"{GLUCEMIA (C/U) |(antes)| GLUCEMIA,HEMOGLOBINA GLICOSILADA (Hb A1C) |(antes)| HEMOGLOBINA GLICOSILADA} => {CREATININA - serica o urinaria }",0.130220026942075,0.850439882697947,1.3605816226784
"{HEMOGLOBINA GLICOSILADA (Hb A1C) |(antes)| HEMOGLOBINA GLICOSILADA} => {GLUCEMIA (C/U) |(antes)| GLUCEMIA}",0.153120790300853,0.881136950904393,1.29867107191534
"{HEMOGLOBINA GLICOSILADA (Hb A1C) |(antes)| HEMOGLOBINA GLICOSILADA} => {CREATININA - serica o urinaria }",0.144140098787607,0.829457364341085,1.32701260803707
"{HEMOGLOBINA GLICOSILADA (Hb A1C) |(antes)| HEMOGLOBINA GLICOSILADA} => {COLESTEROL TOTAL}",0.141894925909295,0.816537467700258,1.43976954914369
"{HEMOGLOBINA GLICOSILADA (Hb A1C) |(antes)| HEMOGLOBINA GLICOSILADA} => {COLESTEROL HDL (HDL-C) |(antes)| COLESTEROL HDL}",0.146385271665918,0.842377260981912,1.52642323857341
"{HEMOGLOBINA GLICOSILADA (Hb A1C) |(antes)| HEMOGLOBINA GLICOSILADA} => {LDL COLESTEROL (LDL-C) }",0.142343960484957,0.819121447028424,1.55913116455752
"{COLESTEROL HDL (HDL-C) |(antes)| COLESTEROL HDL,COLESTEROL TOTAL,CREATININA - serica o urinaria ,LDL COLESTEROL (LDL-C) } => {GLUCEMIA (C/U) |(antes)| GLUCEMIA}",0.380781320161652,0.919739696312364,1.35556605141472
"{GLUCEMIA (C/U) |(antes)| GLUCEMIA,COLESTEROL TOTAL,CREATININA - serica o urinaria ,LDL COLESTEROL (LDL-C) } => {COLESTEROL HDL (HDL-C) |(antes)| COLESTEROL HDL}",0.380781320161652,0.984901277584204,1.78468278696503
"{GLUCEMIA (C/U) |(antes)| GLUCEMIA,COLESTEROL HDL (HDL-C) |(antes)| COLESTEROL HDL,CREATININA - serica o urinaria ,LDL COLESTEROL (LDL-C) } => {COLESTEROL TOTAL}",0.380781320161652,0.931868131868132,1.64312773528926
"{GLUCEMIA (C/U) |(antes)| GLUCEMIA,COLESTEROL HDL (HDL-C) |(antes)| COLESTEROL HDL,COLESTEROL TOTAL,LDL COLESTEROL (LDL-C) } => {CREATININA - serica o urinaria }",0.380781320161652,0.873326467559217,1.39719687015401
"{GLUCEMIA (C/U) |(antes)| GLUCEMIA,COLESTEROL HDL (HDL-C) |(antes)| COLESTEROL HDL,COLESTEROL TOTAL,CREATININA - serica o urinaria } => {LDL COLESTEROL (LDL-C) }",0.380781320161652,0.927789934354486,1.76597280667303
"{COLESTEROL HDL (HDL-C) |(antes)| COLESTEROL HDL,COLESTEROL TOTAL,LDL COLESTEROL (LDL-C) } => {GLUCEMIA (C/U) |(antes)| GLUCEMIA}",0.436012572968119,0.903255813953488,1.33127114339803
"{GLUCEMIA (C/U) |(antes)| GLUCEMIA,COLESTEROL TOTAL,LDL COLESTEROL (LDL-C) } => {COLESTEROL HDL (HDL-C) |(antes)| COLESTEROL HDL}",0.436012572968119,0.984787018255578,1.78447574422715
"{GLUCEMIA (C/U) |(antes)| GLUCEMIA,COLESTEROL HDL (HDL-C) |(antes)| COLESTEROL HDL,LDL COLESTEROL (LDL-C) } => {COLESTEROL TOTAL}",0.436012572968119,0.933653846153846,1.64627641756502
"{GLUCEMIA (C/U) |(antes)| GLUCEMIA,COLESTEROL HDL (HDL-C) |(antes)| COLESTEROL HDL,COLESTEROL TOTAL} => {LDL COLESTEROL (LDL-C) }",0.436012572968119,0.931861804222649,1.77372328034516
"{COLESTEROL TOTAL,CREATININA - serica o urinaria ,LDL COLESTEROL (LDL-C) } => {COLESTEROL HDL (HDL-C) |(antes)| COLESTEROL HDL}",0.414009878760665,0.986096256684492,1.7868481396553
"{COLESTEROL HDL (HDL-C) |(antes)| COLESTEROL HDL,CREATININA - serica o urinaria ,LDL COLESTEROL (LDL-C) } => {COLESTEROL TOTAL}",0.414009878760665,0.931313131313131,1.64214912385934
"{COLESTEROL HDL (HDL-C) |(antes)| COLESTEROL HDL,COLESTEROL TOTAL,LDL COLESTEROL (LDL-C) } => {CREATININA - serica o urinaria }",0.414009878760665,0.857674418604651,1.37215584068431
"{COLESTEROL HDL (HDL-C) |(antes)| COLESTEROL HDL,COLESTEROL TOTAL,CREATININA - serica o urinaria } => {LDL COLESTEROL (LDL-C) }",0.414009878760665,0.931313131313131,1.77267892601226
"{COLESTEROL HDL (HDL-C) |(antes)| COLESTEROL HDL,CREATININA - serica o urinaria ,LDL COLESTEROL (LDL-C) } => {GLUCEMIA (C/U) |(antes)| GLUCEMIA}",0.408621463852717,0.919191919191919,1.35475870551979
"{GLUCEMIA (C/U) |(antes)| GLUCEMIA,CREATININA - serica o urinaria ,LDL COLESTEROL (LDL-C) } => {COLESTEROL HDL (HDL-C) |(antes)| COLESTEROL HDL}",0.408621463852717,0.983783783783784,1.78265784091659
"{GLUCEMIA (C/U) |(antes)| GLUCEMIA,COLESTEROL HDL (HDL-C) |(antes)| COLESTEROL HDL,LDL COLESTEROL (LDL-C) } => {CREATININA - serica o urinaria }",0.408621463852717,0.875,1.3998742816092
"{GLUCEMIA (C/U) |(antes)| GLUCEMIA,COLESTEROL HDL (HDL-C) |(antes)| COLESTEROL HDL,CREATININA - serica o urinaria } => {LDL COLESTEROL (LDL-C) }",0.408621463852717,0.930470347648262,1.77107475573733
"{COLESTEROL HDL (HDL-C) |(antes)| COLESTEROL HDL,LDL COLESTEROL (LDL-C) } => {GLUCEMIA (C/U) |(antes)| GLUCEMIA}",0.466995958688819,0.901994796183868,1.32941258180111
"{GLUCEMIA (C/U) |(antes)| GLUCEMIA,LDL COLESTEROL (LDL-C) } => {COLESTEROL HDL (HDL-C) |(antes)| COLESTEROL HDL}",0.466995958688819,0.983916745506149,1.78289877318323
"{GLUCEMIA (C/U) |(antes)| GLUCEMIA,COLESTEROL HDL (HDL-C) |(antes)| COLESTEROL HDL} => {LDL COLESTEROL (LDL-C) }",0.466995958688819,0.934411500449236,1.77857642008585
"{CREATININA - serica o urinaria ,LDL COLESTEROL (LDL-C) } => {COLESTEROL HDL (HDL-C) |(antes)| COLESTEROL HDL}",0.444544229905703,0.985074626865672,1.7849969031976
"{COLESTEROL HDL (HDL-C) |(antes)| COLESTEROL HDL,LDL COLESTEROL (LDL-C) } => {CREATININA - serica o urinaria }",0.444544229905703,0.858629661751952,1.37368409247241
"{COLESTEROL HDL (HDL-C) |(antes)| COLESTEROL HDL,CREATININA - serica o urinaria } => {LDL COLESTEROL (LDL-C) }",0.444544229905703,0.933962264150944,1.77772133526851
"{COLESTEROL TOTAL,LDL COLESTEROL (LDL-C) } => {COLESTEROL HDL (HDL-C) |(antes)| COLESTEROL HDL}",0.482712168837,0.986238532110092,1.78710594874628
"{COLESTEROL HDL (HDL-C) |(antes)| COLESTEROL HDL,LDL COLESTEROL (LDL-C) } => {COLESTEROL TOTAL}",0.482712168837,0.93235039028621,1.64397808326793
"{COLESTEROL HDL (HDL-C) |(antes)| COLESTEROL HDL,COLESTEROL TOTAL} => {LDL COLESTEROL (LDL-C) }",0.482712168837,0.936411149825784,1.78238259030942
"{COLESTEROL TOTAL,CREATININA - serica o urinaria ,LDL COLESTEROL (LDL-C) } => {GLUCEMIA (C/U) |(antes)| GLUCEMIA}",0.386618769645263,0.920855614973262,1.35721075747548
"{GLUCEMIA (C/U) |(antes)| GLUCEMIA,CREATININA - serica o urinaria ,LDL COLESTEROL (LDL-C) } => {COLESTEROL TOTAL}",0.386618769645263,0.930810810810811,1.64126340116839
"{GLUCEMIA (C/U) |(antes)| GLUCEMIA,COLESTEROL TOTAL,LDL COLESTEROL (LDL-C) } => {CREATININA - serica o urinaria }",0.386618769645263,0.873225152129817,1.39703478002378
"{GLUCEMIA (C/U) |(antes)| GLUCEMIA,COLESTEROL TOTAL,CREATININA - serica o urinaria } => {LDL COLESTEROL (LDL-C) }",0.386618769645263,0.867943548387097,1.65206007030604
"{COLESTEROL TOTAL,LDL COLESTEROL (LDL-C) } => {GLUCEMIA (C/U) |(antes)| GLUCEMIA}",0.442748091603053,0.904587155963303,1.33323335296511
"{GLUCEMIA (C/U) |(antes)| GLUCEMIA,LDL COLESTEROL (LDL-C) } => {COLESTEROL TOTAL}",0.442748091603053,0.93282876064333,1.64482157557616
"{GLUCEMIA (C/U) |(antes)| GLUCEMIA,COLESTEROL TOTAL} => {LDL COLESTEROL (LDL-C) }",0.442748091603053,0.858885017421603,1.63481789213497
"{CREATININA - serica o urinaria ,LDL COLESTEROL (LDL-C) } => {COLESTEROL TOTAL}",0.419847328244275,0.930348258706468,1.64044780058535
"{COLESTEROL TOTAL,LDL COLESTEROL (LDL-C) } => {CREATININA - serica o urinaria }",0.419847328244275,0.857798165137615,1.37235381735738
"{COLESTEROL TOTAL,CREATININA - serica o urinaria } => {LDL COLESTEROL (LDL-C) }",0.419847328244275,0.872201492537313,1.66016472126547
"{CREATININA - serica o urinaria ,LDL COLESTEROL (LDL-C) } => {GLUCEMIA (C/U) |(antes)| GLUCEMIA}",0.415356982487652,0.920398009950249,1.35653631248127
"{GLUCEMIA (C/U) |(antes)| GLUCEMIA,LDL COLESTEROL (LDL-C) } => {CREATININA - serica o urinaria }",0.415356982487652,0.875118259224219,1.40006347937668
"{LDL COLESTEROL (LDL-C) } => {GLUCEMIA (C/U) |(antes)| GLUCEMIA}",0.474629546475079,0.903418803418804,1.33151136678602
"{LDL COLESTEROL (LDL-C) } => {CREATININA - serica o urinaria }",0.451279748540638,0.858974358974359,1.3742355585028
"{LDL COLESTEROL (LDL-C) } => {COLESTEROL TOTAL}",0.489447687471935,0.931623931623932,1.64269714626009
"{COLESTEROL TOTAL} => {LDL COLESTEROL (LDL-C) }",0.489447687471935,0.863024544734758,1.64269714626009
"{LDL COLESTEROL (LDL-C) } => {COLESTEROL HDL (HDL-C) |(antes)| COLESTEROL HDL}",0.517736865738662,0.985470085470085,1.78571349092098
"{COLESTEROL HDL (HDL-C) |(antes)| COLESTEROL HDL} => {LDL COLESTEROL (LDL-C) }",0.517736865738662,0.938161106590724,1.78571349092098
"{COLESTEROL HDL (HDL-C) |(antes)| COLESTEROL HDL,COLESTEROL TOTAL,CREATININA - serica o urinaria } => {GLUCEMIA (C/U) |(antes)| GLUCEMIA}",0.410417602155366,0.923232323232323,1.36071368884076
"{GLUCEMIA (C/U) |(antes)| GLUCEMIA,COLESTEROL TOTAL,CREATININA - serica o urinaria } => {COLESTEROL HDL (HDL-C) |(antes)| COLESTEROL HDL}",0.410417602155366,0.921370967741936,1.66956317751122
"{GLUCEMIA (C/U) |(antes)| GLUCEMIA,COLESTEROL HDL (HDL-C) |(antes)| COLESTEROL HDL,CREATININA - serica o urinaria } => {COLESTEROL TOTAL}",0.410417602155366,0.934560327198364,1.647874781212
"{GLUCEMIA (C/U) |(antes)| GLUCEMIA,COLESTEROL HDL (HDL-C) |(antes)| COLESTEROL HDL,COLESTEROL TOTAL} => {CREATININA - serica o urinaria }",0.410417602155366,0.877159309021113,1.40332886579743
"{COLESTEROL HDL (HDL-C) |(antes)| COLESTEROL HDL,COLESTEROL TOTAL} => {GLUCEMIA (C/U) |(antes)| GLUCEMIA}",0.467894027840144,0.907665505226481,1.33777040379839
"{GLUCEMIA (C/U) |(antes)| GLUCEMIA,COLESTEROL TOTAL} => {COLESTEROL HDL (HDL-C) |(antes)| COLESTEROL HDL}",0.467894027840144,0.907665505226481,1.64472829954383
"{GLUCEMIA (C/U) |(antes)| GLUCEMIA,COLESTEROL HDL (HDL-C) |(antes)| COLESTEROL HDL} => {COLESTEROL TOTAL}",0.467894027840144,0.936208445642408,1.65078084595854
"{COLESTEROL TOTAL,CREATININA - serica o urinaria } => {COLESTEROL HDL (HDL-C) |(antes)| COLESTEROL HDL}",0.444544229905703,0.923507462686567,1.67343459674775
"{COLESTEROL HDL (HDL-C) |(antes)| COLESTEROL HDL,CREATININA - serica o urinaria } => {COLESTEROL TOTAL}",0.444544229905703,0.933962264150944,1.64682023932237
"{COLESTEROL HDL (HDL-C) |(antes)| COLESTEROL HDL,COLESTEROL TOTAL} => {CREATININA - serica o urinaria }",0.444544229905703,0.862369337979094,1.37966703712604
"{COLESTEROL HDL (HDL-C) |(antes)| COLESTEROL HDL,CREATININA - serica o urinaria } => {GLUCEMIA (C/U) |(antes)| GLUCEMIA}",0.439155814997755,0.922641509433962,1.35984291297779
"{GLUCEMIA (C/U) |(antes)| GLUCEMIA,COLESTEROL HDL (HDL-C) |(antes)| COLESTEROL HDL} => {CREATININA - serica o urinaria }",0.439155814997755,0.878706199460916,1.40580366824674
"{COLESTEROL HDL (HDL-C) |(antes)| COLESTEROL HDL} => {GLUCEMIA (C/U) |(antes)| GLUCEMIA}",0.499775482712169,0.905614320585842,1.3347472481434
"{COLESTEROL HDL (HDL-C) |(antes)| COLESTEROL HDL} => {CREATININA - serica o urinaria }",0.475976650202066,0.862489829129373,1.37985980565454
"{COLESTEROL TOTAL} => {COLESTEROL HDL (HDL-C) |(antes)| COLESTEROL HDL}",0.51549169286035,0.908946951702296,1.64705033477707
"{COLESTEROL HDL (HDL-C) |(antes)| COLESTEROL HDL} => {COLESTEROL TOTAL}",0.51549169286035,0.934092758340114,1.64705033477707
"{COLESTEROL TOTAL,CREATININA - serica o urinaria } => {GLUCEMIA (C/U) |(antes)| GLUCEMIA}",0.445442299057027,0.925373134328358,1.36386894119739
"{GLUCEMIA (C/U) |(antes)| GLUCEMIA,COLESTEROL TOTAL} => {CREATININA - serica o urinaria }",0.445442299057027,0.86411149825784,1.38245424326164
"{COLESTEROL TOTAL} => {GLUCEMIA (C/U) |(antes)| GLUCEMIA}",0.51549169286035,0.908946951702296,1.33965907441497
"{COLESTEROL TOTAL} => {CREATININA - serica o urinaria }",0.481365065110013,0.848772763262074,1.35791447110966
"{CREATININA - serica o urinaria } => {GLUCEMIA (C/U) |(antes)| GLUCEMIA}",0.568477772788505,0.90948275862069,1.34044877792738
"{GLUCEMIA (C/U) |(antes)| GLUCEMIA} => {CREATININA - serica o urinaria }",0.568477772788505,0.837855724685639,1.34044877792738
