"rules","support","confidence","lift"
"{LDL COLESTEROL (LDL-C) } => {COLESTEROL HDL (HDL-C) |(antes)| COLESTEROL HDL}",0.517736865738662,0.985470085470085,1.78571349092098
"{COLESTEROL HDL (HDL-C) |(antes)| COLESTEROL HDL} => {LDL COLESTEROL (LDL-C) }",0.517736865738662,0.938161106590724,1.78571349092098
"{COLESTEROL TOTAL} => {COLESTEROL HDL (HDL-C) |(antes)| COLESTEROL HDL}",0.51549169286035,0.908946951702296,1.64705033477707
"{COLESTEROL HDL (HDL-C) |(antes)| COLESTEROL HDL} => {COLESTEROL TOTAL}",0.51549169286035,0.934092758340114,1.64705033477707
"{COLESTEROL TOTAL} => {GLUCEMIA (C/U) |(antes)| GLUCEMIA}",0.51549169286035,0.908946951702296,1.33965907441497
"{CREATININA - serica o urinaria } => {GLUCEMIA (C/U) |(antes)| GLUCEMIA}",0.568477772788505,0.90948275862069,1.34044877792738
"{GLUCEMIA (C/U) |(antes)| GLUCEMIA} => {CREATININA - serica o urinaria }",0.568477772788505,0.837855724685639,1.34044877792738
