"rules","support","confidence","coverage","lift","count"
"{HEMOGLOBINA GLICOSILADA (Hb A1C) |(antes)| HEMOGLOBINA GLICOSILADA} => {LDL COLESTEROL (LDL-C) }",0.142343960484957,0.819121447028424,0.17377638078132,1.55913116455752,317
"{HEMOGLOBINA GLICOSILADA (Hb A1C) |(antes)| HEMOGLOBINA GLICOSILADA} => {COLESTEROL HDL (HDL-C) |(antes)| COLESTEROL HDL}",0.146385271665918,0.842377260981912,0.17377638078132,1.52642323857341,326
"{HEMOGLOBINA GLICOSILADA (Hb A1C) |(antes)| HEMOGLOBINA GLICOSILADA} => {COLESTEROL TOTAL}",0.141894925909295,0.816537467700258,0.17377638078132,1.43976954914369,316
"{HEMOGLOBINA GLICOSILADA (Hb A1C) |(antes)| HEMOGLOBINA GLICOSILADA} => {CREATININA - serica o urinaria }",0.144140098787607,0.829457364341085,0.17377638078132,1.32701260803707,321
"{HEMOGLOBINA GLICOSILADA (Hb A1C) |(antes)| HEMOGLOBINA GLICOSILADA} => {GLUCEMIA (C/U) |(antes)| GLUCEMIA}",0.153120790300853,0.881136950904393,0.17377638078132,1.29867107191534,341
"{LDL COLESTEROL (LDL-C) } => {COLESTEROL HDL (HDL-C) |(antes)| COLESTEROL HDL}",0.517736865738662,0.985470085470086,0.525370453524921,1.78571349092098,1153
"{COLESTEROL HDL (HDL-C) |(antes)| COLESTEROL HDL} => {LDL COLESTEROL (LDL-C) }",0.517736865738662,0.938161106590724,0.551863493488999,1.78571349092098,1153
"{LDL COLESTEROL (LDL-C) } => {COLESTEROL TOTAL}",0.489447687471935,0.931623931623932,0.525370453524921,1.64269714626009,1090
"{COLESTEROL TOTAL} => {LDL COLESTEROL (LDL-C) }",0.489447687471935,0.863024544734759,0.567130669061518,1.64269714626009,1090
"{LDL COLESTEROL (LDL-C) } => {CREATININA - serica o urinaria }",0.451279748540638,0.858974358974359,0.525370453524921,1.3742355585028,1005
"{LDL COLESTEROL (LDL-C) } => {GLUCEMIA (C/U) |(antes)| GLUCEMIA}",0.474629546475079,0.903418803418803,0.525370453524921,1.33151136678602,1057
"{COLESTEROL HDL (HDL-C) |(antes)| COLESTEROL HDL} => {COLESTEROL TOTAL}",0.51549169286035,0.934092758340114,0.551863493488999,1.64705033477707,1148
"{COLESTEROL TOTAL} => {COLESTEROL HDL (HDL-C) |(antes)| COLESTEROL HDL}",0.51549169286035,0.908946951702296,0.567130669061518,1.64705033477707,1148
"{COLESTEROL HDL (HDL-C) |(antes)| COLESTEROL HDL} => {CREATININA - serica o urinaria }",0.475976650202066,0.862489829129373,0.551863493488999,1.37985980565454,1060
"{COLESTEROL HDL (HDL-C) |(antes)| COLESTEROL HDL} => {GLUCEMIA (C/U) |(antes)| GLUCEMIA}",0.499775482712169,0.905614320585842,0.551863493488999,1.3347472481434,1113
"{COLESTEROL TOTAL} => {CREATININA - serica o urinaria }",0.481365065110013,0.848772763262074,0.567130669061518,1.35791447110965,1072
"{COLESTEROL TOTAL} => {GLUCEMIA (C/U) |(antes)| GLUCEMIA}",0.51549169286035,0.908946951702296,0.567130669061518,1.33965907441497,1148
"{CREATININA - serica o urinaria } => {GLUCEMIA (C/U) |(antes)| GLUCEMIA}",0.568477772788505,0.90948275862069,0.625056129321958,1.34044877792738,1266
"{GLUCEMIA (C/U) |(antes)| GLUCEMIA} => {CREATININA - serica o urinaria }",0.568477772788505,0.837855724685639,0.678491243825775,1.34044877792738,1266
"{HEMOGLOBINA GLICOSILADA (Hb A1C) |(antes)| HEMOGLOBINA GLICOSILADA,LDL COLESTEROL (LDL-C) } => {COLESTEROL HDL (HDL-C) |(antes)| COLESTEROL HDL}",0.141445891333633,0.993690851735016,0.142343960484957,1.80060986722041,315
"{COLESTEROL HDL (HDL-C) |(antes)| COLESTEROL HDL,HEMOGLOBINA GLICOSILADA (Hb A1C) |(antes)| HEMOGLOBINA GLICOSILADA} => {LDL COLESTEROL (LDL-C) }",0.141445891333633,0.966257668711656,0.146385271665918,1.83919301557338,315
"{HEMOGLOBINA GLICOSILADA (Hb A1C) |(antes)| HEMOGLOBINA GLICOSILADA,LDL COLESTEROL (LDL-C) } => {COLESTEROL TOTAL}",0.131567130669062,0.924290220820189,0.142343960484957,1.62976589213504,293
"{HEMOGLOBINA GLICOSILADA (Hb A1C) |(antes)| HEMOGLOBINA GLICOSILADA,COLESTEROL TOTAL} => {LDL COLESTEROL (LDL-C) }",0.131567130669062,0.927215189873418,0.141894925909295,1.7648788272206,293
"{HEMOGLOBINA GLICOSILADA (Hb A1C) |(antes)| HEMOGLOBINA GLICOSILADA,LDL COLESTEROL (LDL-C) } => {CREATININA - serica o urinaria }",0.124382577458464,0.873817034700315,0.142343960484957,1.39798170709598,277
"{HEMOGLOBINA GLICOSILADA (Hb A1C) |(antes)| HEMOGLOBINA GLICOSILADA,CREATININA - serica o urinaria } => {LDL COLESTEROL (LDL-C) }",0.124382577458464,0.862928348909657,0.144140098787607,1.64251404531778,277
"{HEMOGLOBINA GLICOSILADA (Hb A1C) |(antes)| HEMOGLOBINA GLICOSILADA,LDL COLESTEROL (LDL-C) } => {GLUCEMIA (C/U) |(antes)| GLUCEMIA}",0.127525819488101,0.89589905362776,0.142343960484957,1.3204283206016,284
"{GLUCEMIA (C/U) |(antes)| GLUCEMIA,HEMOGLOBINA GLICOSILADA (Hb A1C) |(antes)| HEMOGLOBINA GLICOSILADA} => {LDL COLESTEROL (LDL-C) }",0.127525819488101,0.832844574780059,0.153120790300853,1.5852520239617,284
"{COLESTEROL HDL (HDL-C) |(antes)| COLESTEROL HDL,HEMOGLOBINA GLICOSILADA (Hb A1C) |(antes)| HEMOGLOBINA GLICOSILADA} => {COLESTEROL TOTAL}",0.135608441850022,0.926380368098159,0.146385271665918,1.63345136956025,302
"{HEMOGLOBINA GLICOSILADA (Hb A1C) |(antes)| HEMOGLOBINA GLICOSILADA,COLESTEROL TOTAL} => {COLESTEROL HDL (HDL-C) |(antes)| COLESTEROL HDL}",0.135608441850022,0.955696202531646,0.141894925909295,1.73176195527907,302
"{COLESTEROL HDL (HDL-C) |(antes)| COLESTEROL HDL,HEMOGLOBINA GLICOSILADA (Hb A1C) |(antes)| HEMOGLOBINA GLICOSILADA} => {CREATININA - serica o urinaria }",0.128423888639425,0.877300613496933,0.146385271665918,1.40355493265637,286
"{HEMOGLOBINA GLICOSILADA (Hb A1C) |(antes)| HEMOGLOBINA GLICOSILADA,CREATININA - serica o urinaria } => {COLESTEROL HDL (HDL-C) |(antes)| COLESTEROL HDL}",0.128423888639425,0.890965732087227,0.144140098787607,1.61446760403438,286
"{COLESTEROL HDL (HDL-C) |(antes)| COLESTEROL HDL,HEMOGLOBINA GLICOSILADA (Hb A1C) |(antes)| HEMOGLOBINA GLICOSILADA} => {GLUCEMIA (C/U) |(antes)| GLUCEMIA}",0.131118096093399,0.895705521472393,0.146385271665918,1.32014308161418,292
"{GLUCEMIA (C/U) |(antes)| GLUCEMIA,HEMOGLOBINA GLICOSILADA (Hb A1C) |(antes)| HEMOGLOBINA GLICOSILADA} => {COLESTEROL HDL (HDL-C) |(antes)| COLESTEROL HDL}",0.131118096093399,0.856304985337243,0.153120790300853,1.55166086439873,292
"{HEMOGLOBINA GLICOSILADA (Hb A1C) |(antes)| HEMOGLOBINA GLICOSILADA,COLESTEROL TOTAL} => {CREATININA - serica o urinaria }",0.125280646609789,0.882911392405063,0.141894925909295,1.41253137276299,279
"{HEMOGLOBINA GLICOSILADA (Hb A1C) |(antes)| HEMOGLOBINA GLICOSILADA,CREATININA - serica o urinaria } => {COLESTEROL TOTAL}",0.125280646609789,0.869158878504673,0.144140098787607,1.5325548871179,279
"{HEMOGLOBINA GLICOSILADA (Hb A1C) |(antes)| HEMOGLOBINA GLICOSILADA,COLESTEROL TOTAL} => {GLUCEMIA (C/U) |(antes)| GLUCEMIA}",0.128872923215088,0.908227848101266,0.141894925909295,1.3385992175523,287
"{GLUCEMIA (C/U) |(antes)| GLUCEMIA,HEMOGLOBINA GLICOSILADA (Hb A1C) |(antes)| HEMOGLOBINA GLICOSILADA} => {COLESTEROL TOTAL}",0.128872923215088,0.841642228739003,0.153120790300853,1.48403582217083,287
"{HEMOGLOBINA GLICOSILADA (Hb A1C) |(antes)| HEMOGLOBINA GLICOSILADA,CREATININA - serica o urinaria } => {GLUCEMIA (C/U) |(antes)| GLUCEMIA}",0.130220026942075,0.903426791277259,0.144140098787607,1.33152313975808,290
"{GLUCEMIA (C/U) |(antes)| GLUCEMIA,HEMOGLOBINA GLICOSILADA (Hb A1C) |(antes)| HEMOGLOBINA GLICOSILADA} => {CREATININA - serica o urinaria }",0.130220026942075,0.850439882697947,0.153120790300853,1.3605816226784,290
"{COLESTEROL HDL (HDL-C) |(antes)| COLESTEROL HDL,LDL COLESTEROL (LDL-C) } => {COLESTEROL TOTAL}",0.482712168837,0.93235039028621,0.517736865738662,1.64397808326793,1075
"{COLESTEROL TOTAL,LDL COLESTEROL (LDL-C) } => {COLESTEROL HDL (HDL-C) |(antes)| COLESTEROL HDL}",0.482712168837,0.986238532110092,0.489447687471935,1.78710594874628,1075
"{COLESTEROL HDL (HDL-C) |(antes)| COLESTEROL HDL,COLESTEROL TOTAL} => {LDL COLESTEROL (LDL-C) }",0.482712168837,0.936411149825784,0.51549169286035,1.78238259030942,1075
"{COLESTEROL HDL (HDL-C) |(antes)| COLESTEROL HDL,LDL COLESTEROL (LDL-C) } => {CREATININA - serica o urinaria }",0.444544229905703,0.858629661751951,0.517736865738662,1.37368409247241,990
"{CREATININA - serica o urinaria ,LDL COLESTEROL (LDL-C) } => {COLESTEROL HDL (HDL-C) |(antes)| COLESTEROL HDL}",0.444544229905703,0.985074626865672,0.451279748540638,1.7849969031976,990
"{COLESTEROL HDL (HDL-C) |(antes)| COLESTEROL HDL,CREATININA - serica o urinaria } => {LDL COLESTEROL (LDL-C) }",0.444544229905703,0.933962264150943,0.475976650202066,1.77772133526851,990
"{COLESTEROL HDL (HDL-C) |(antes)| COLESTEROL HDL,LDL COLESTEROL (LDL-C) } => {GLUCEMIA (C/U) |(antes)| GLUCEMIA}",0.466995958688819,0.901994796183868,0.517736865738662,1.32941258180111,1040
"{GLUCEMIA (C/U) |(antes)| GLUCEMIA,LDL COLESTEROL (LDL-C) } => {COLESTEROL HDL (HDL-C) |(antes)| COLESTEROL HDL}",0.466995958688819,0.983916745506149,0.474629546475079,1.78289877318323,1040
"{GLUCEMIA (C/U) |(antes)| GLUCEMIA,COLESTEROL HDL (HDL-C) |(antes)| COLESTEROL HDL} => {LDL COLESTEROL (LDL-C) }",0.466995958688819,0.934411500449236,0.499775482712169,1.77857642008585,1040
"{COLESTEROL TOTAL,LDL COLESTEROL (LDL-C) } => {CREATININA - serica o urinaria }",0.419847328244275,0.857798165137615,0.489447687471935,1.37235381735738,935
"{CREATININA - serica o urinaria ,LDL COLESTEROL (LDL-C) } => {COLESTEROL TOTAL}",0.419847328244275,0.930348258706468,0.451279748540638,1.64044780058535,935
"{COLESTEROL TOTAL,CREATININA - serica o urinaria } => {LDL COLESTEROL (LDL-C) }",0.419847328244275,0.872201492537313,0.481365065110013,1.66016472126547,935
"{COLESTEROL TOTAL,LDL COLESTEROL (LDL-C) } => {GLUCEMIA (C/U) |(antes)| GLUCEMIA}",0.442748091603053,0.904587155963303,0.489447687471935,1.33323335296511,986
"{GLUCEMIA (C/U) |(antes)| GLUCEMIA,LDL COLESTEROL (LDL-C) } => {COLESTEROL TOTAL}",0.442748091603053,0.93282876064333,0.474629546475079,1.64482157557617,986
"{GLUCEMIA (C/U) |(antes)| GLUCEMIA,COLESTEROL TOTAL} => {LDL COLESTEROL (LDL-C) }",0.442748091603053,0.858885017421603,0.51549169286035,1.63481789213497,986
"{CREATININA - serica o urinaria ,LDL COLESTEROL (LDL-C) } => {GLUCEMIA (C/U) |(antes)| GLUCEMIA}",0.415356982487652,0.920398009950249,0.451279748540638,1.35653631248127,925
"{GLUCEMIA (C/U) |(antes)| GLUCEMIA,LDL COLESTEROL (LDL-C) } => {CREATININA - serica o urinaria }",0.415356982487652,0.875118259224219,0.474629546475079,1.40006347937668,925
"{COLESTEROL HDL (HDL-C) |(antes)| COLESTEROL HDL,COLESTEROL TOTAL} => {CREATININA - serica o urinaria }",0.444544229905703,0.862369337979094,0.51549169286035,1.37966703712604,990
"{COLESTEROL HDL (HDL-C) |(antes)| COLESTEROL HDL,CREATININA - serica o urinaria } => {COLESTEROL TOTAL}",0.444544229905703,0.933962264150943,0.475976650202066,1.64682023932237,990
"{COLESTEROL TOTAL,CREATININA - serica o urinaria } => {COLESTEROL HDL (HDL-C) |(antes)| COLESTEROL HDL}",0.444544229905703,0.923507462686567,0.481365065110013,1.67343459674775,990
"{COLESTEROL HDL (HDL-C) |(antes)| COLESTEROL HDL,COLESTEROL TOTAL} => {GLUCEMIA (C/U) |(antes)| GLUCEMIA}",0.467894027840144,0.907665505226481,0.51549169286035,1.33777040379839,1042
"{GLUCEMIA (C/U) |(antes)| GLUCEMIA,COLESTEROL HDL (HDL-C) |(antes)| COLESTEROL HDL} => {COLESTEROL TOTAL}",0.467894027840144,0.936208445642408,0.499775482712169,1.65078084595855,1042
"{GLUCEMIA (C/U) |(antes)| GLUCEMIA,COLESTEROL TOTAL} => {COLESTEROL HDL (HDL-C) |(antes)| COLESTEROL HDL}",0.467894027840144,0.907665505226481,0.51549169286035,1.64472829954383,1042
"{COLESTEROL HDL (HDL-C) |(antes)| COLESTEROL HDL,CREATININA - serica o urinaria } => {GLUCEMIA (C/U) |(antes)| GLUCEMIA}",0.439155814997755,0.922641509433962,0.475976650202066,1.35984291297779,978
"{GLUCEMIA (C/U) |(antes)| GLUCEMIA,COLESTEROL HDL (HDL-C) |(antes)| COLESTEROL HDL} => {CREATININA - serica o urinaria }",0.439155814997755,0.878706199460916,0.499775482712169,1.40580366824674,978
"{COLESTEROL TOTAL,CREATININA - serica o urinaria } => {GLUCEMIA (C/U) |(antes)| GLUCEMIA}",0.445442299057027,0.925373134328358,0.481365065110013,1.36386894119739,992
"{GLUCEMIA (C/U) |(antes)| GLUCEMIA,COLESTEROL TOTAL} => {CREATININA - serica o urinaria }",0.445442299057027,0.86411149825784,0.51549169286035,1.38245424326164,992
"{COLESTEROL HDL (HDL-C) |(antes)| COLESTEROL HDL,HEMOGLOBINA GLICOSILADA (Hb A1C) |(antes)| HEMOGLOBINA GLICOSILADA,LDL COLESTEROL (LDL-C) } => {COLESTEROL TOTAL}",0.130669061517737,0.923809523809524,0.141445891333633,1.62891829732685,291
"{HEMOGLOBINA GLICOSILADA (Hb A1C) |(antes)| HEMOGLOBINA GLICOSILADA,COLESTEROL TOTAL,LDL COLESTEROL (LDL-C) } => {COLESTEROL HDL (HDL-C) |(antes)| COLESTEROL HDL}",0.130669061517737,0.993174061433447,0.131567130669062,1.79967342132814,291
"{COLESTEROL HDL (HDL-C) |(antes)| COLESTEROL HDL,HEMOGLOBINA GLICOSILADA (Hb A1C) |(antes)| HEMOGLOBINA GLICOSILADA,COLESTEROL TOTAL} => {LDL COLESTEROL (LDL-C) }",0.130669061517737,0.963576158940397,0.135608441850022,1.83408897945322,291
"{COLESTEROL HDL (HDL-C) |(antes)| COLESTEROL HDL,HEMOGLOBINA GLICOSILADA (Hb A1C) |(antes)| HEMOGLOBINA GLICOSILADA,LDL COLESTEROL (LDL-C) } => {CREATININA - serica o urinaria }",0.123933542882802,0.876190476190476,0.141445891333633,1.40177887246853,276
"{HEMOGLOBINA GLICOSILADA (Hb A1C) |(antes)| HEMOGLOBINA GLICOSILADA,CREATININA - serica o urinaria ,LDL COLESTEROL (LDL-C) } => {COLESTEROL HDL (HDL-C) |(antes)| COLESTEROL HDL}",0.123933542882802,0.996389891696751,0.124382577458464,1.80550064182967,276
"{COLESTEROL HDL (HDL-C) |(antes)| COLESTEROL HDL,HEMOGLOBINA GLICOSILADA (Hb A1C) |(antes)| HEMOGLOBINA GLICOSILADA,CREATININA - serica o urinaria } => {LDL COLESTEROL (LDL-C) }",0.123933542882802,0.965034965034965,0.128423888639425,1.83686569840416,276
"{COLESTEROL HDL (HDL-C) |(antes)| COLESTEROL HDL,HEMOGLOBINA GLICOSILADA (Hb A1C) |(antes)| HEMOGLOBINA GLICOSILADA,LDL COLESTEROL (LDL-C) } => {GLUCEMIA (C/U) |(antes)| GLUCEMIA}",0.126627750336776,0.895238095238095,0.141445891333633,1.31945416154549,282
"{GLUCEMIA (C/U) |(antes)| GLUCEMIA,HEMOGLOBINA GLICOSILADA (Hb A1C) |(antes)| HEMOGLOBINA GLICOSILADA,LDL COLESTEROL (LDL-C) } => {COLESTEROL HDL (HDL-C) |(antes)| COLESTEROL HDL}",0.126627750336776,0.992957746478873,0.127525819488101,1.79928144947799,282
"{GLUCEMIA (C/U) |(antes)| GLUCEMIA,COLESTEROL HDL (HDL-C) |(antes)| COLESTEROL HDL,HEMOGLOBINA GLICOSILADA (Hb A1C) |(antes)| HEMOGLOBINA GLICOSILADA} => {LDL COLESTEROL (LDL-C) }",0.126627750336776,0.965753424657534,0.131118096093399,1.83823322795926,282
"{HEMOGLOBINA GLICOSILADA (Hb A1C) |(antes)| HEMOGLOBINA GLICOSILADA,COLESTEROL TOTAL,LDL COLESTEROL (LDL-C) } => {CREATININA - serica o urinaria }",0.115401885945218,0.877133105802048,0.131567130669062,1.40328694441175,257
"{HEMOGLOBINA GLICOSILADA (Hb A1C) |(antes)| HEMOGLOBINA GLICOSILADA,CREATININA - serica o urinaria ,LDL COLESTEROL (LDL-C) } => {COLESTEROL TOTAL}",0.115401885945218,0.927797833935018,0.124382577458464,1.63595073331218,257
"{HEMOGLOBINA GLICOSILADA (Hb A1C) |(antes)| HEMOGLOBINA GLICOSILADA,COLESTEROL TOTAL,CREATININA - serica o urinaria } => {LDL COLESTEROL (LDL-C) }",0.115401885945218,0.921146953405018,0.125280646609789,1.75332843182306,257
"{HEMOGLOBINA GLICOSILADA (Hb A1C) |(antes)| HEMOGLOBINA GLICOSILADA,COLESTEROL TOTAL,LDL COLESTEROL (LDL-C) } => {GLUCEMIA (C/U) |(antes)| GLUCEMIA}",0.118994162550516,0.904436860068259,0.131567130669062,1.33301183810193,265
"{GLUCEMIA (C/U) |(antes)| GLUCEMIA,HEMOGLOBINA GLICOSILADA (Hb A1C) |(antes)| HEMOGLOBINA GLICOSILADA,LDL COLESTEROL (LDL-C) } => {COLESTEROL TOTAL}",0.118994162550516,0.933098591549296,0.127525819488101,1.64529735817916,265
"{GLUCEMIA (C/U) |(antes)| GLUCEMIA,HEMOGLOBINA GLICOSILADA (Hb A1C) |(antes)| HEMOGLOBINA GLICOSILADA,COLESTEROL TOTAL} => {LDL COLESTEROL (LDL-C) }",0.118994162550516,0.923344947735192,0.128872923215088,1.75751213556092,265
"{HEMOGLOBINA GLICOSILADA (Hb A1C) |(antes)| HEMOGLOBINA GLICOSILADA,CREATININA - serica o urinaria ,LDL COLESTEROL (LDL-C) } => {GLUCEMIA (C/U) |(antes)| GLUCEMIA}",0.111809609339919,0.898916967509025,0.124382577458464,1.3248762982413,249
"{GLUCEMIA (C/U) |(antes)| GLUCEMIA,HEMOGLOBINA GLICOSILADA (Hb A1C) |(antes)| HEMOGLOBINA GLICOSILADA,LDL COLESTEROL (LDL-C) } => {CREATININA - serica o urinaria }",0.111809609339919,0.876760563380282,0.127525819488101,1.40269093006314,249
"{GLUCEMIA (C/U) |(antes)| GLUCEMIA,HEMOGLOBINA GLICOSILADA (Hb A1C) |(antes)| HEMOGLOBINA GLICOSILADA,CREATININA - serica o urinaria } => {LDL COLESTEROL (LDL-C) }",0.111809609339919,0.858620689655172,0.130220026942075,1.63431476569408,249
"{COLESTEROL HDL (HDL-C) |(antes)| COLESTEROL HDL,HEMOGLOBINA GLICOSILADA (Hb A1C) |(antes)| HEMOGLOBINA GLICOSILADA,COLESTEROL TOTAL} => {CREATININA - serica o urinaria }",0.119443197126179,0.880794701986755,0.135608441850022,1.40914497221588,266
"{COLESTEROL HDL (HDL-C) |(antes)| COLESTEROL HDL,HEMOGLOBINA GLICOSILADA (Hb A1C) |(antes)| HEMOGLOBINA GLICOSILADA,CREATININA - serica o urinaria } => {COLESTEROL TOTAL}",0.119443197126179,0.93006993006993,0.128423888639425,1.63995703425632,266
"{HEMOGLOBINA GLICOSILADA (Hb A1C) |(antes)| HEMOGLOBINA GLICOSILADA,COLESTEROL TOTAL,CREATININA - serica o urinaria } => {COLESTEROL HDL (HDL-C) |(antes)| COLESTEROL HDL}",0.119443197126179,0.953405017921147,0.125280646609789,1.72761023182294,266
"{COLESTEROL HDL (HDL-C) |(antes)| COLESTEROL HDL,HEMOGLOBINA GLICOSILADA (Hb A1C) |(antes)| HEMOGLOBINA GLICOSILADA,COLESTEROL TOTAL} => {GLUCEMIA (C/U) |(antes)| GLUCEMIA}",0.122586439155815,0.903973509933775,0.135608441850022,1.33232892562708,273
"{GLUCEMIA (C/U) |(antes)| GLUCEMIA,COLESTEROL HDL (HDL-C) |(antes)| COLESTEROL HDL,HEMOGLOBINA GLICOSILADA (Hb A1C) |(antes)| HEMOGLOBINA GLICOSILADA} => {COLESTEROL TOTAL}",0.122586439155815,0.934931506849315,0.131118096093399,1.64852926821332,273
"{GLUCEMIA (C/U) |(antes)| GLUCEMIA,HEMOGLOBINA GLICOSILADA (Hb A1C) |(antes)| HEMOGLOBINA GLICOSILADA,COLESTEROL TOTAL} => {COLESTEROL HDL (HDL-C) |(antes)| COLESTEROL HDL}",0.122586439155815,0.951219512195122,0.128872923215088,1.72365000297684,273
"{COLESTEROL HDL (HDL-C) |(antes)| COLESTEROL HDL,HEMOGLOBINA GLICOSILADA (Hb A1C) |(antes)| HEMOGLOBINA GLICOSILADA,CREATININA - serica o urinaria } => {GLUCEMIA (C/U) |(antes)| GLUCEMIA}",0.115401885945218,0.898601398601399,0.128423888639425,1.32441119436487,257
"{GLUCEMIA (C/U) |(antes)| GLUCEMIA,COLESTEROL HDL (HDL-C) |(antes)| COLESTEROL HDL,HEMOGLOBINA GLICOSILADA (Hb A1C) |(antes)| HEMOGLOBINA GLICOSILADA} => {CREATININA - serica o urinaria }",0.115401885945218,0.88013698630137,0.131118096093399,1.40809272161864,257
"{GLUCEMIA (C/U) |(antes)| GLUCEMIA,HEMOGLOBINA GLICOSILADA (Hb A1C) |(antes)| HEMOGLOBINA GLICOSILADA,CREATININA - serica o urinaria } => {COLESTEROL HDL (HDL-C) |(antes)| COLESTEROL HDL}",0.115401885945218,0.886206896551724,0.130220026942075,1.60584439269381,257
"{HEMOGLOBINA GLICOSILADA (Hb A1C) |(antes)| HEMOGLOBINA GLICOSILADA,COLESTEROL TOTAL,CREATININA - serica o urinaria } => {GLUCEMIA (C/U) |(antes)| GLUCEMIA}",0.114054782218231,0.910394265232975,0.125280646609789,1.34179220957898,254
"{GLUCEMIA (C/U) |(antes)| GLUCEMIA,HEMOGLOBINA GLICOSILADA (Hb A1C) |(antes)| HEMOGLOBINA GLICOSILADA,COLESTEROL TOTAL} => {CREATININA - serica o urinaria }",0.114054782218231,0.885017421602787,0.128872923215088,1.41590071688894,254
"{GLUCEMIA (C/U) |(antes)| GLUCEMIA,HEMOGLOBINA GLICOSILADA (Hb A1C) |(antes)| HEMOGLOBINA GLICOSILADA,CREATININA - serica o urinaria } => {COLESTEROL TOTAL}",0.114054782218231,0.875862068965517,0.130220026942075,1.54437436863516,254
"{COLESTEROL HDL (HDL-C) |(antes)| COLESTEROL HDL,COLESTEROL TOTAL,LDL COLESTEROL (LDL-C) } => {CREATININA - serica o urinaria }",0.414009878760665,0.857674418604651,0.482712168837,1.37215584068431,922
"{COLESTEROL HDL (HDL-C) |(antes)| COLESTEROL HDL,CREATININA - serica o urinaria ,LDL COLESTEROL (LDL-C) } => {COLESTEROL TOTAL}",0.414009878760665,0.931313131313131,0.444544229905703,1.64214912385934,922
"{COLESTEROL TOTAL,CREATININA - serica o urinaria ,LDL COLESTEROL (LDL-C) } => {COLESTEROL HDL (HDL-C) |(antes)| COLESTEROL HDL}",0.414009878760665,0.986096256684492,0.419847328244275,1.7868481396553,922
"{COLESTEROL HDL (HDL-C) |(antes)| COLESTEROL HDL,COLESTEROL TOTAL,CREATININA - serica o urinaria } => {LDL COLESTEROL (LDL-C) }",0.414009878760665,0.931313131313131,0.444544229905703,1.77267892601226,922
"{COLESTEROL HDL (HDL-C) |(antes)| COLESTEROL HDL,COLESTEROL TOTAL,LDL COLESTEROL (LDL-C) } => {GLUCEMIA (C/U) |(antes)| GLUCEMIA}",0.436012572968119,0.903255813953488,0.482712168837,1.33127114339803,971
"{GLUCEMIA (C/U) |(antes)| GLUCEMIA,COLESTEROL HDL (HDL-C) |(antes)| COLESTEROL HDL,LDL COLESTEROL (LDL-C) } => {COLESTEROL TOTAL}",0.436012572968119,0.933653846153846,0.466995958688819,1.64627641756502,971
"{GLUCEMIA (C/U) |(antes)| GLUCEMIA,COLESTEROL TOTAL,LDL COLESTEROL (LDL-C) } => {COLESTEROL HDL (HDL-C) |(antes)| COLESTEROL HDL}",0.436012572968119,0.984787018255578,0.442748091603053,1.78447574422715,971
"{GLUCEMIA (C/U) |(antes)| GLUCEMIA,COLESTEROL HDL (HDL-C) |(antes)| COLESTEROL HDL,COLESTEROL TOTAL} => {LDL COLESTEROL (LDL-C) }",0.436012572968119,0.931861804222649,0.467894027840144,1.77372328034516,971
"{COLESTEROL HDL (HDL-C) |(antes)| COLESTEROL HDL,CREATININA - serica o urinaria ,LDL COLESTEROL (LDL-C) } => {GLUCEMIA (C/U) |(antes)| GLUCEMIA}",0.408621463852717,0.919191919191919,0.444544229905703,1.35475870551979,910
"{GLUCEMIA (C/U) |(antes)| GLUCEMIA,COLESTEROL HDL (HDL-C) |(antes)| COLESTEROL HDL,LDL COLESTEROL (LDL-C) } => {CREATININA - serica o urinaria }",0.408621463852717,0.875,0.466995958688819,1.3998742816092,910
"{GLUCEMIA (C/U) |(antes)| GLUCEMIA,CREATININA - serica o urinaria ,LDL COLESTEROL (LDL-C) } => {COLESTEROL HDL (HDL-C) |(antes)| COLESTEROL HDL}",0.408621463852717,0.983783783783784,0.415356982487652,1.78265784091659,910
"{GLUCEMIA (C/U) |(antes)| GLUCEMIA,COLESTEROL HDL (HDL-C) |(antes)| COLESTEROL HDL,CREATININA - serica o urinaria } => {LDL COLESTEROL (LDL-C) }",0.408621463852717,0.930470347648262,0.439155814997755,1.77107475573733,910
"{COLESTEROL TOTAL,CREATININA - serica o urinaria ,LDL COLESTEROL (LDL-C) } => {GLUCEMIA (C/U) |(antes)| GLUCEMIA}",0.386618769645263,0.920855614973262,0.419847328244275,1.35721075747548,861
"{GLUCEMIA (C/U) |(antes)| GLUCEMIA,COLESTEROL TOTAL,LDL COLESTEROL (LDL-C) } => {CREATININA - serica o urinaria }",0.386618769645263,0.873225152129817,0.442748091603053,1.39703478002378,861
"{GLUCEMIA (C/U) |(antes)| GLUCEMIA,CREATININA - serica o urinaria ,LDL COLESTEROL (LDL-C) } => {COLESTEROL TOTAL}",0.386618769645263,0.930810810810811,0.415356982487652,1.64126340116839,861
"{GLUCEMIA (C/U) |(antes)| GLUCEMIA,COLESTEROL TOTAL,CREATININA - serica o urinaria } => {LDL COLESTEROL (LDL-C) }",0.386618769645263,0.867943548387097,0.445442299057027,1.65206007030604,861
"{COLESTEROL HDL (HDL-C) |(antes)| COLESTEROL HDL,COLESTEROL TOTAL,CREATININA - serica o urinaria } => {GLUCEMIA (C/U) |(antes)| GLUCEMIA}",0.410417602155366,0.923232323232323,0.444544229905703,1.36071368884076,914
"{GLUCEMIA (C/U) |(antes)| GLUCEMIA,COLESTEROL HDL (HDL-C) |(antes)| COLESTEROL HDL,COLESTEROL TOTAL} => {CREATININA - serica o urinaria }",0.410417602155366,0.877159309021113,0.467894027840144,1.40332886579743,914
"{GLUCEMIA (C/U) |(antes)| GLUCEMIA,COLESTEROL HDL (HDL-C) |(antes)| COLESTEROL HDL,CREATININA - serica o urinaria } => {COLESTEROL TOTAL}",0.410417602155366,0.934560327198364,0.439155814997755,1.647874781212,914
"{GLUCEMIA (C/U) |(antes)| GLUCEMIA,COLESTEROL TOTAL,CREATININA - serica o urinaria } => {COLESTEROL HDL (HDL-C) |(antes)| COLESTEROL HDL}",0.410417602155366,0.921370967741935,0.445442299057027,1.66956317751122,914
"{COLESTEROL HDL (HDL-C) |(antes)| COLESTEROL HDL,HEMOGLOBINA GLICOSILADA (Hb A1C) |(antes)| HEMOGLOBINA GLICOSILADA,COLESTEROL TOTAL,LDL COLESTEROL (LDL-C) } => {CREATININA - serica o urinaria }",0.114952851369555,0.879725085910653,0.130669061517737,1.40743374017459,256
"{COLESTEROL HDL (HDL-C) |(antes)| COLESTEROL HDL,HEMOGLOBINA GLICOSILADA (Hb A1C) |(antes)| HEMOGLOBINA GLICOSILADA,CREATININA - serica o urinaria ,LDL COLESTEROL (LDL-C) } => {COLESTEROL TOTAL}",0.114952851369555,0.927536231884058,0.123933542882802,1.63548946033713,256
"{HEMOGLOBINA GLICOSILADA (Hb A1C) |(antes)| HEMOGLOBINA GLICOSILADA,COLESTEROL TOTAL,CREATININA - serica o urinaria ,LDL COLESTEROL (LDL-C) } => {COLESTEROL HDL (HDL-C) |(antes)| COLESTEROL HDL}",0.114952851369555,0.996108949416342,0.115401885945218,1.80499156253067,256
"{COLESTEROL HDL (HDL-C) |(antes)| COLESTEROL HDL,HEMOGLOBINA GLICOSILADA (Hb A1C) |(antes)| HEMOGLOBINA GLICOSILADA,COLESTEROL TOTAL,CREATININA - serica o urinaria } => {LDL COLESTEROL (LDL-C) }",0.114952851369555,0.962406015037594,0.119443197126179,1.83186170554592,256
"{COLESTEROL HDL (HDL-C) |(antes)| COLESTEROL HDL,HEMOGLOBINA GLICOSILADA (Hb A1C) |(antes)| HEMOGLOBINA GLICOSILADA,COLESTEROL TOTAL,LDL COLESTEROL (LDL-C) } => {GLUCEMIA (C/U) |(antes)| GLUCEMIA}",0.118096093399192,0.903780068728522,0.130669061517737,1.33204382068724,263
"{GLUCEMIA (C/U) |(antes)| GLUCEMIA,COLESTEROL HDL (HDL-C) |(antes)| COLESTEROL HDL,HEMOGLOBINA GLICOSILADA (Hb A1C) |(antes)| HEMOGLOBINA GLICOSILADA,LDL COLESTEROL (LDL-C) } => {COLESTEROL TOTAL}",0.118096093399192,0.932624113475177,0.126627750336776,1.64446072898592,263
"{GLUCEMIA (C/U) |(antes)| GLUCEMIA,HEMOGLOBINA GLICOSILADA (Hb A1C) |(antes)| HEMOGLOBINA GLICOSILADA,COLESTEROL TOTAL,LDL COLESTEROL (LDL-C) } => {COLESTEROL HDL (HDL-C) |(antes)| COLESTEROL HDL}",0.118096093399192,0.992452830188679,0.118994162550516,1.79836651979674,263
"{GLUCEMIA (C/U) |(antes)| GLUCEMIA,COLESTEROL HDL (HDL-C) |(antes)| COLESTEROL HDL,HEMOGLOBINA GLICOSILADA (Hb A1C) |(antes)| HEMOGLOBINA GLICOSILADA,COLESTEROL TOTAL} => {LDL COLESTEROL (LDL-C) }",0.118096093399192,0.963369963369963,0.122586439155815,1.83369650292727,263
"{COLESTEROL HDL (HDL-C) |(antes)| COLESTEROL HDL,HEMOGLOBINA GLICOSILADA (Hb A1C) |(antes)| HEMOGLOBINA GLICOSILADA,CREATININA - serica o urinaria ,LDL COLESTEROL (LDL-C) } => {GLUCEMIA (C/U) |(antes)| GLUCEMIA}",0.111360574764257,0.898550724637681,0.123933542882802,1.3243365081192,248
"{GLUCEMIA (C/U) |(antes)| GLUCEMIA,COLESTEROL HDL (HDL-C) |(antes)| COLESTEROL HDL,HEMOGLOBINA GLICOSILADA (Hb A1C) |(antes)| HEMOGLOBINA GLICOSILADA,LDL COLESTEROL (LDL-C) } => {CREATININA - serica o urinaria }",0.111360574764257,0.879432624113475,0.126627750336776,1.40696584331948,248
"{GLUCEMIA (C/U) |(antes)| GLUCEMIA,HEMOGLOBINA GLICOSILADA (Hb A1C) |(antes)| HEMOGLOBINA GLICOSILADA,CREATININA - serica o urinaria ,LDL COLESTEROL (LDL-C) } => {COLESTEROL HDL (HDL-C) |(antes)| COLESTEROL HDL}",0.111360574764257,0.995983935742972,0.111809609339919,1.80476503246509,248
"{GLUCEMIA (C/U) |(antes)| GLUCEMIA,COLESTEROL HDL (HDL-C) |(antes)| COLESTEROL HDL,HEMOGLOBINA GLICOSILADA (Hb A1C) |(antes)| HEMOGLOBINA GLICOSILADA,CREATININA - serica o urinaria } => {LDL COLESTEROL (LDL-C) }",0.111360574764257,0.964980544747082,0.115401885945218,1.83676211380492,248
"{HEMOGLOBINA GLICOSILADA (Hb A1C) |(antes)| HEMOGLOBINA GLICOSILADA,COLESTEROL TOTAL,CREATININA - serica o urinaria ,LDL COLESTEROL (LDL-C) } => {GLUCEMIA (C/U) |(antes)| GLUCEMIA}",0.104625056129322,0.906614785992218,0.115401885945218,1.33622179245842,233
"{GLUCEMIA (C/U) |(antes)| GLUCEMIA,HEMOGLOBINA GLICOSILADA (Hb A1C) |(antes)| HEMOGLOBINA GLICOSILADA,COLESTEROL TOTAL,LDL COLESTEROL (LDL-C) } => {CREATININA - serica o urinaria }",0.104625056129322,0.879245283018868,0.118994162550516,1.40666612448493,233
"{GLUCEMIA (C/U) |(antes)| GLUCEMIA,HEMOGLOBINA GLICOSILADA (Hb A1C) |(antes)| HEMOGLOBINA GLICOSILADA,CREATININA - serica o urinaria ,LDL COLESTEROL (LDL-C) } => {COLESTEROL TOTAL}",0.104625056129322,0.93574297188755,0.111809609339919,1.64996009373996,233
"{GLUCEMIA (C/U) |(antes)| GLUCEMIA,HEMOGLOBINA GLICOSILADA (Hb A1C) |(antes)| HEMOGLOBINA GLICOSILADA,COLESTEROL TOTAL,CREATININA - serica o urinaria } => {LDL COLESTEROL (LDL-C) }",0.104625056129322,0.917322834645669,0.114054782218231,1.74604953227,233
"{COLESTEROL HDL (HDL-C) |(antes)| COLESTEROL HDL,HEMOGLOBINA GLICOSILADA (Hb A1C) |(antes)| HEMOGLOBINA GLICOSILADA,COLESTEROL TOTAL,CREATININA - serica o urinaria } => {GLUCEMIA (C/U) |(antes)| GLUCEMIA}",0.108217332734621,0.906015037593985,0.119443197126179,1.33533784826063,241
"{GLUCEMIA (C/U) |(antes)| GLUCEMIA,COLESTEROL HDL (HDL-C) |(antes)| COLESTEROL HDL,HEMOGLOBINA GLICOSILADA (Hb A1C) |(antes)| HEMOGLOBINA GLICOSILADA,COLESTEROL TOTAL} => {CREATININA - serica o urinaria }",0.108217332734621,0.882783882783883,0.122586439155815,1.41232737568944,241
"{GLUCEMIA (C/U) |(antes)| GLUCEMIA,COLESTEROL HDL (HDL-C) |(antes)| COLESTEROL HDL,HEMOGLOBINA GLICOSILADA (Hb A1C) |(antes)| HEMOGLOBINA GLICOSILADA,CREATININA - serica o urinaria } => {COLESTEROL TOTAL}",0.108217332734621,0.937743190661479,0.115401885945218,1.65348700364459,241
"{GLUCEMIA (C/U) |(antes)| GLUCEMIA,HEMOGLOBINA GLICOSILADA (Hb A1C) |(antes)| HEMOGLOBINA GLICOSILADA,COLESTEROL TOTAL,CREATININA - serica o urinaria } => {COLESTEROL HDL (HDL-C) |(antes)| COLESTEROL HDL}",0.108217332734621,0.948818897637795,0.114054782218231,1.71929998782699,241
"{COLESTEROL HDL (HDL-C) |(antes)| COLESTEROL HDL,COLESTEROL TOTAL,CREATININA - serica o urinaria ,LDL COLESTEROL (LDL-C) } => {GLUCEMIA (C/U) |(antes)| GLUCEMIA}",0.380781320161652,0.919739696312364,0.414009878760665,1.35556605141472,848
"{GLUCEMIA (C/U) |(antes)| GLUCEMIA,COLESTEROL HDL (HDL-C) |(antes)| COLESTEROL HDL,COLESTEROL TOTAL,LDL COLESTEROL (LDL-C) } => {CREATININA - serica o urinaria }",0.380781320161652,0.873326467559217,0.436012572968119,1.39719687015401,848
"{GLUCEMIA (C/U) |(antes)| GLUCEMIA,COLESTEROL HDL (HDL-C) |(antes)| COLESTEROL HDL,CREATININA - serica o urinaria ,LDL COLESTEROL (LDL-C) } => {COLESTEROL TOTAL}",0.380781320161652,0.931868131868132,0.408621463852717,1.64312773528926,848
"{GLUCEMIA (C/U) |(antes)| GLUCEMIA,COLESTEROL TOTAL,CREATININA - serica o urinaria ,LDL COLESTEROL (LDL-C) } => {COLESTEROL HDL (HDL-C) |(antes)| COLESTEROL HDL}",0.380781320161652,0.984901277584204,0.386618769645263,1.78468278696503,848
"{GLUCEMIA (C/U) |(antes)| GLUCEMIA,COLESTEROL HDL (HDL-C) |(antes)| COLESTEROL HDL,COLESTEROL TOTAL,CREATININA - serica o urinaria } => {LDL COLESTEROL (LDL-C) }",0.380781320161652,0.927789934354486,0.410417602155366,1.76597280667303,848
"{COLESTEROL HDL (HDL-C) |(antes)| COLESTEROL HDL,HEMOGLOBINA GLICOSILADA (Hb A1C) |(antes)| HEMOGLOBINA GLICOSILADA,COLESTEROL TOTAL,CREATININA - serica o urinaria ,LDL COLESTEROL (LDL-C) } => {GLUCEMIA (C/U) |(antes)| GLUCEMIA}",0.10417602155366,0.90625,0.114952851369555,1.33568414956982,232
"{GLUCEMIA (C/U) |(antes)| GLUCEMIA,COLESTEROL HDL (HDL-C) |(antes)| COLESTEROL HDL,HEMOGLOBINA GLICOSILADA (Hb A1C) |(antes)| HEMOGLOBINA GLICOSILADA,COLESTEROL TOTAL,LDL COLESTEROL (LDL-C) } => {CREATININA - serica o urinaria }",0.10417602155366,0.88212927756654,0.118096093399192,1.41128010139417,232
"{GLUCEMIA (C/U) |(antes)| GLUCEMIA,COLESTEROL HDL (HDL-C) |(antes)| COLESTEROL HDL,HEMOGLOBINA GLICOSILADA (Hb A1C) |(antes)| HEMOGLOBINA GLICOSILADA,CREATININA - serica o urinaria ,LDL COLESTEROL (LDL-C) } => {COLESTEROL TOTAL}",0.10417602155366,0.935483870967742,0.111360574764257,1.64950323091462,232
"{GLUCEMIA (C/U) |(antes)| GLUCEMIA,HEMOGLOBINA GLICOSILADA (Hb A1C) |(antes)| HEMOGLOBINA GLICOSILADA,COLESTEROL TOTAL,CREATININA - serica o urinaria ,LDL COLESTEROL (LDL-C) } => {COLESTEROL HDL (HDL-C) |(antes)| COLESTEROL HDL}",0.10417602155366,0.995708154506438,0.104625056129322,1.80426530519596,232
"{GLUCEMIA (C/U) |(antes)| GLUCEMIA,COLESTEROL HDL (HDL-C) |(antes)| COLESTEROL HDL,HEMOGLOBINA GLICOSILADA (Hb A1C) |(antes)| HEMOGLOBINA GLICOSILADA,COLESTEROL TOTAL,CREATININA - serica o urinaria } => {LDL COLESTEROL (LDL-C) }",0.10417602155366,0.962655601659751,0.108217332734621,1.83233677341561,232
